{
    "loss": 2.05141544342041,
    "accuracy": 0.9051724076271057
}