{
    "loss": 1.5607326030731201,
    "accuracy": 0.931034505367279
}